{
    "name": "sharern",
    "description": "社会化分享React Native版本桥接文件，平台库请点选Android或iOS下载",
    "chooseDescription":"为用户集成便利，提供了多种H5框架的集成sdk接口，请根据应用的H5开发框架选择不同服务，若为原生应用，只选择 “基础包”即可",
    "title": "Social SDK 1.0.0",
    "docslink": "http://dev.umeng.com/sdk_integate/android_sdk/android_common_guide",
    "notice": "社会化分享React Native版本桥接文件，平台库请点选Android或iOS下载",
    "show": 1,
    "required": 0,
    "display_platform": "React Native",
    "packages": [
          {
            "required": 1,
            "docslink": "",
            "key": "rnshare",
            "description": "",
            "title": "",
            "destination": "",
            "files": [
                "UMReactNative/share_android/*",
                "UMReactNative/share_ios/*"
            ]
        }
       ]
}
